{"cameraMode":{"drawMode":0,"name":"Shaded","section":"Shading Mode"},"sceneLighting":false,"audioPlay":false,"sceneViewState":{"showFog":true,"showMaterialUpdate":false,"showSkybox":false,"showFlares":true,"showImageEffects":true,"showParticleSystems":true},"in2DMode":false,"pivot":{"x":8.524251937866211,"y":249.68960571289063,"z":-4.9796905517578129},"rotation":{"x":-0.019808368757367135,"y":-0.0009025055915117264,"z":0.000017965472579817288,"w":-0.9998043179512024},"size":332.3634338378906,"orthographic":false}