{"cameraMode":{"drawMode":0,"name":"Shaded","section":"Shading Mode"},"sceneLighting":false,"audioPlay":false,"sceneViewState":{"showFog":true,"showMaterialUpdate":false,"showSkybox":true,"showFlares":true,"showImageEffects":true,"showParticleSystems":true},"in2DMode":false,"pivot":{"x":0.2944159507751465,"y":-0.0794512927532196,"z":-10.604008674621582},"rotation":{"x":0.014375748112797737,"y":-0.45985886454582217,"z":-0.007446181960403919,"w":-0.8878467082977295},"size":4.375887870788574,"orthographic":false}